,PC1,PC2
00063026-2a67-41de-b105-f80dca277978.rna_seq.augmented_star_gene_counts,-5.953144683874194,5.789401666148628
01900aab-4c12-4198-b41f-ff638e5abe3b.rna_seq.augmented_star_gene_counts,-0.5334036231220932,0.9630297600063338
0394cdb2-85e8-4cea-b572-4cb4ed779774.rna_seq.augmented_star_gene_counts,2.0095652033797857,4.151500661199428
03d891b3-8faf-4384-94ce-2015f1ca5df0.rna_seq.augmented_star_gene_counts,-23.047214790287434,-0.07906186084507809
04026251-0cf6-4889-83b4-8a46881470b5.rna_seq.augmented_star_gene_counts,0.9169339747537806,-0.22306266433094282
0633890f-584c-43d9-aa3f-7a6555533dd8.rna_seq.augmented_star_gene_counts,1.666171031482891,0.20022229725214094
06a03e45-7315-4a8d-9fef-d841a4a8043c.rna_seq.augmented_star_gene_counts,-2.5270227344314913,-1.6276635420399286
08ccd8d6-3e9d-4ece-a421-98acaf272569.rna_seq.augmented_star_gene_counts,1.0609799672028808,-0.6511281849562786
0940092b-46da-4975-bde7-f205fe12707b.rna_seq.augmented_star_gene_counts,4.68219119629642,-0.37304044915457824
0a9e33db-2527-4cc3-8669-a7c10fed7a7f.rna_seq.augmented_star_gene_counts,4.564063070704963,1.1510338074260602
0ba03a16-3c4f-4118-91aa-53d4a7c00d38.rna_seq.augmented_star_gene_counts,2.573482987453142,1.8853947140054557
0c814cd9-5b2c-4764-9e6a-6ad0403fcd7d.rna_seq.augmented_star_gene_counts,-9.778069551220083,0.7200497830353136
0e8857f9-6f8b-46c5-a019-9c69bdc50525.rna_seq.augmented_star_gene_counts,2.3264325372645525,2.527720969040964
0f382cf1-3e52-4078-bf12-cc6ba998ed3f.rna_seq.augmented_star_gene_counts,0.15548904778727024,-7.445128939910467
10376443-40df-451a-91e5-6be34850558c.rna_seq.augmented_star_gene_counts,1.127153753294286,-1.4474907657978673
10ce58cf-c9ee-4be2-899d-4c20c788effc.rna_seq.augmented_star_gene_counts,-0.25162951872612105,-0.08371081552648074
13295142-1853-417f-a798-60c41fd90166.rna_seq.augmented_star_gene_counts,2.25255097464935,-1.4263307376477454
139b1f70-02f6-4f5e-84b3-81d3677b3f8c.rna_seq.augmented_star_gene_counts,4.704624175358027,-1.5377076702761472
17efe3f1-a97a-4e26-b28a-98702fd3c42b.rna_seq.augmented_star_gene_counts,0.9882039845700701,-2.910755726434933
18cbd510-bce2-4370-a00f-939d562ba7de.rna_seq.augmented_star_gene_counts,4.086840656213774,0.4795870499844846
1a3dcc95-64bf-4886-9807-9511b24f30af.rna_seq.augmented_star_gene_counts,2.6358221541209654,4.1818765217685305
1c3dbd2f-1c07-48cb-a844-0b1b3eb14e0d.rna_seq.augmented_star_gene_counts,2.407463231776659,0.6747725132347175
204cf188-2162-43ac-bad4-8304622f3090.rna_seq.augmented_star_gene_counts,3.823408286538531,1.6215102187380035
231b4ae3-8543-47f4-a9f6-0ac26210b26d.rna_seq.augmented_star_gene_counts,4.402375814594043,1.0191103618480752
24c548e1-6368-464e-945c-933ee2f914ad.rna_seq.augmented_star_gene_counts,-0.949930211788583,2.8024232171328953
27c65ed6-9e9d-4a9d-9b6f-76d2a12f7699.rna_seq.augmented_star_gene_counts,0.6589200283969059,-5.4625790914087204
28f1b708-bd3c-4ae7-935f-3282f75304a7.rna_seq.augmented_star_gene_counts,1.3628582806951957,0.40338306363565646
2973fc8f-d20c-4cf3-b183-2ac32df73ae7.rna_seq.augmented_star_gene_counts,-6.147570381397308,-1.1634140025000101
2b67c3b5-330e-41e4-95cf-028d37fe91e1.rna_seq.augmented_star_gene_counts,3.4922562887807382,0.1597278802280892
2c1b1cbb-6e9f-4416-8faa-abb31d6b4e0e.rna_seq.augmented_star_gene_counts,1.4131464379889902,-4.920681596967721
2dc9eaca-6dfc-4e7f-a12b-1495986e1ad4.rna_seq.augmented_star_gene_counts,1.719060172635502,-1.4430786735939494
2dd0b954-db3e-402d-9c06-6160e199dedb.rna_seq.augmented_star_gene_counts,-0.7277616101859391,-1.3246959775325253
2e41a573-7a9d-4f96-873f-48aa12b3ab96.rna_seq.augmented_star_gene_counts,0.777708106934223,-6.611070462164703
2e4316d2-5fe5-4ee1-9b22-73f4c42b6202.rna_seq.augmented_star_gene_counts,-4.5902020526333365,4.32284314805981
315f3deb-74b5-4b71-afe5-759c85a0a6cc.rna_seq.augmented_star_gene_counts,-0.4100374352609222,-1.0735498379907773
35120b68-e618-46a1-9641-1e635f633372.rna_seq.augmented_star_gene_counts,4.040741557907784,2.0979301405322808
36125e17-48fd-4eea-874c-ed2e2e218402.rna_seq.augmented_star_gene_counts,-1.3157438541453064,1.3683598479991492
36bbebb5-ba1e-4ac6-83b2-67ccd05e4939.rna_seq.augmented_star_gene_counts,2.8019356167656118,3.1979348062918898
370e6381-c31a-475b-b2c7-2c5de9e2c8ec.rna_seq.augmented_star_gene_counts,2.621871641779423,1.0158314867840967
39a75bde-24a0-4d26-8377-df045423f786.rna_seq.augmented_star_gene_counts,0.8036524287752473,3.5987927263140365
3a6cc4be-eff8-4725-a416-46ed35316192.rna_seq.augmented_star_gene_counts,0.19554014485845364,-6.32360154799502
3d05d072-d042-4c02-aaf6-ee2e589003d6.rna_seq.augmented_star_gene_counts,1.1354126931495734,-5.845547843403878
3ee530ee-274d-44de-9793-a75433ddf938.rna_seq.augmented_star_gene_counts,-13.657260236587103,-1.1587837250794724
3f32cdec-5a60-4147-b313-7c9a9dfefc78.rna_seq.augmented_star_gene_counts,2.785527138351412,1.4951483419917524
3f3b6a7b-94f0-40a3-9f16-32bab2854678.rna_seq.augmented_star_gene_counts,4.653428432089731,2.132062027604514
40a4fc74-f345-4940-be5c-249013782e4f.rna_seq.augmented_star_gene_counts,3.9184772960394487,1.1138046552520802
4152a167-7b5f-4415-81f8-b22732cc6ef7.rna_seq.augmented_star_gene_counts,0.9572024915281212,-2.7383099301731066
4665ff5e-adb6-4b88-8a42-cb25c4fda0a0.rna_seq.augmented_star_gene_counts,-1.0217346364949897,-1.4393443946112332
4ab26a32-f816-4aee-9130-12a0b3604db0.rna_seq.augmented_star_gene_counts,1.5041656675064323,-0.7870159282597348
4abffa72-e45a-405a-b53b-73900d48253d.rna_seq.augmented_star_gene_counts,0.7052827690165181,-0.39916388463820995
4ac28e68-1f0c-4e95-bdb3-4afc7dcfc34c.rna_seq.augmented_star_gene_counts,5.321752482309051,0.22879444134777038
4bd484be-2364-4a9c-841e-b60bee25af79.rna_seq.augmented_star_gene_counts,-4.304082645667828,4.833363063731838
4c6cb929-293d-452e-b7f8-d535b48cf073.rna_seq.augmented_star_gene_counts,1.8758247160673087,1.2333534185320434
4fb219d8-519a-4ce9-a3f1-28fae295424f.rna_seq.augmented_star_gene_counts,1.488785945794031,3.4467036172429433
508e541e-c751-42cd-8f8c-a57a835daf1b.rna_seq.augmented_star_gene_counts,2.6386710268244022,1.4893992609428761
52df14ea-5feb-481a-855e-0a6176744a73.rna_seq.augmented_star_gene_counts,3.315507865489969,1.2669184920072822
56bc1e6b-d1bf-4df9-b266-07ff567aad77.rna_seq.augmented_star_gene_counts,-11.467473664551198,-3.5516473662150716
57730033-1db5-4e48-81ff-b6ee4f3c0ab4.rna_seq.augmented_star_gene_counts,-0.9876983090618201,1.1707757633787894
5cc4350c-416e-4f2c-be73-12af68ad1ee4.rna_seq.augmented_star_gene_counts,-0.2627406508324475,1.0488874371756767
5dfb4024-ca51-4296-9fc7-0037b7b1e27b.rna_seq.augmented_star_gene_counts,-10.560444242066307,5.945266157255822
5fc65e17-1d90-411d-b01d-f6aaa72730f9.rna_seq.augmented_star_gene_counts,4.279000113878772,2.3552995434710984
602e3d24-a45d-4fe4-9b70-a679d93f470d.rna_seq.augmented_star_gene_counts,0.8182684326032015,-0.2513359361106155
616b6b60-8c4a-4d85-9a24-f47df6ad497e.rna_seq.augmented_star_gene_counts,2.729755809763188,-1.1634482717711234
619785ac-0041-4b26-a887-d8ca021eaab1.rna_seq.augmented_star_gene_counts,0.5673278952403912,2.5898919922014287
61a614bb-2249-4611-8aac-1a8e53d4467b.rna_seq.augmented_star_gene_counts,-2.5179066097564315,3.967200270860967
61f811cf-9dc1-4f48-ad62-c3ebfd1f0847.rna_seq.augmented_star_gene_counts,-2.2958416579164207,2.6460088105553905
6798cbfe-7aca-4f33-b4fc-162bf579a303.rna_seq.augmented_star_gene_counts,1.0497536510176695,-2.250060864309813
68503654-dd77-48f1-abab-aca55258dca4.rna_seq.augmented_star_gene_counts,-4.557361020278726,-1.8505243777918425
6cbfdf8b-fd71-4b6a-b360-1573ee5241a1.rna_seq.augmented_star_gene_counts,2.3177524613368585,1.7739298219340816
6f72a3df-b4db-4f04-aa1f-644dca35d3ab.rna_seq.augmented_star_gene_counts,0.5850546160663666,-1.557350267903306
707fad7d-f284-456a-abfa-17289b40579f.rna_seq.augmented_star_gene_counts,2.019789821258027,-1.4457300789745136
713df9b5-ea25-464c-b13e-fe8b61fe363d.rna_seq.augmented_star_gene_counts,-1.396748558397112,-2.5511050960959896
73e13f2d-a557-47f2-85e2-7bb8e3a48ef9.rna_seq.augmented_star_gene_counts,-0.7287692290817038,2.635871563028971
741fb6d6-364f-47a0-a262-f18235c48fc4.rna_seq.augmented_star_gene_counts,-2.960299224944333,3.3372679454127443
754df69c-2fab-4037-8673-fd3be673fc09.rna_seq.augmented_star_gene_counts,5.68042036374092,-0.10221751110892734
7c9a2493-5667-48ec-8998-81e13722b4ab.rna_seq.augmented_star_gene_counts,-13.221031215058769,-1.9306625911561475
81395cc8-c7d5-4ea7-957a-b5cb8d6bfd1a.rna_seq.augmented_star_gene_counts,0.8213495532778173,0.9525859638332801
815b70e5-858d-416d-94aa-6749960883ce.rna_seq.augmented_star_gene_counts,5.116152183225692,-0.9953440539789828
828c9648-f725-4d7e-ad37-e33692e2c67f.rna_seq.augmented_star_gene_counts,1.183611039554492,-6.901810100287675
834c833a-1e2d-48b6-87d5-e19bf2db6e1a.rna_seq.augmented_star_gene_counts,-1.2306531866115324,2.573226198770553
898f9214-8dab-4b92-9233-70c06c60078c.rna_seq.augmented_star_gene_counts,-7.644746556603137,5.873727695071454
8b5be676-9118-4038-9d54-6b80b14e43dc.rna_seq.augmented_star_gene_counts,2.248895600519192,0.9140835533076315
8d2f240f-43c3-4e0d-a6cc-79f6b174dace.rna_seq.augmented_star_gene_counts,3.062554387725483,0.3081190264649633
8d3d544f-6d1a-4cdc-8091-490311487ebd.rna_seq.augmented_star_gene_counts,0.7642628262369077,-3.747263043330987
92e64d91-88d8-4b1f-ab56-b593748b9f19.rna_seq.augmented_star_gene_counts,-2.37060804187038,-0.14881605070701479
92e7a9c0-ea88-419e-9afa-e7db5c8967b5.rna_seq.augmented_star_gene_counts,3.771109837295279,1.4164429922946273
93f26994-d3de-4c8a-bfde-86af8d85b01a.rna_seq.augmented_star_gene_counts,-1.3499014538798086,2.029799879835234
93f8d395-2512-41fc-992e-236b706dd281.rna_seq.augmented_star_gene_counts,2.998759077851807,-2.0681716366512575
94027f46-390c-4dda-ab89-cb1ac0a291cd.rna_seq.augmented_star_gene_counts,-0.1337550722772902,-0.46612074685217336
948f1e9e-702b-4f42-a766-fb6b4976b14d.rna_seq.augmented_star_gene_counts,0.8674096546598261,-0.5312706279928805
9935bf3a-de25-401c-bf1b-5225a62b24f7.rna_seq.augmented_star_gene_counts,-4.210483845606307,-0.761079046202783
99d31369-3db2-4631-bc62-1aa6927476ad.rna_seq.augmented_star_gene_counts,3.8515025226962036,-0.30659855845399375
9d515fd5-009a-4c32-95e7-042909d70b9f.rna_seq.augmented_star_gene_counts,-3.427791718988118,4.838901788588225
9da89066-8d82-4ace-80e1-889d3c73c8eb.rna_seq.augmented_star_gene_counts,-0.47586117122983257,1.2428314553986959
9fb65d01-d51d-4cbb-99f3-a09f5d6c206b.rna_seq.augmented_star_gene_counts,1.0182700025390559,-1.7122051192260308
a31cd337-8f1a-451d-9b90-b722590d3105.rna_seq.augmented_star_gene_counts,2.1775184287354037,-1.187399558251136
a3595c7e-948b-4d93-a623-477d7af84e15.rna_seq.augmented_star_gene_counts,1.1077634886805305,-2.772546930732794
a3624554-07c8-41d7-9b6b-f4cbf9de9301.rna_seq.augmented_star_gene_counts,2.5608655025969616,2.6293901562626867
a7428d3b-f84b-4c2f-a996-14a11af6b6df.rna_seq.augmented_star_gene_counts,-0.5112417610322739,0.38355660808997843
a8e0466b-d106-44b7-b846-c4fb666715f5.rna_seq.augmented_star_gene_counts,2.377919005822318,0.4727136105250068
aad82145-5742-4ef6-9de3-2c57e84642fc.rna_seq.augmented_star_gene_counts,-2.3644020347049772,-1.1904285473681415
ad44b37b-0bd2-4289-b03f-d52858da2d0f.rna_seq.augmented_star_gene_counts,2.659528855233756,0.29415535935342185
ad502a9c-1f1a-4118-a8f9-2cffb9b0c610.rna_seq.augmented_star_gene_counts,1.6130341573771871,-2.1537402633343605
af83a9af-a11f-4c29-a61f-8f0d2b5868c1.rna_seq.augmented_star_gene_counts,3.672320905847363,-0.7429511363018432
b25117ce-5a14-4b43-bbfe-513b957464d0.rna_seq.augmented_star_gene_counts,0.19627879573582538,-5.925209444124196
b31c9e1c-be79-4264-81a3-40b67f1f0bde.rna_seq.augmented_star_gene_counts,0.18068896367839837,0.9527640212499084
b35a11fb-548c-4b6c-99e7-c4114be6411a.rna_seq.augmented_star_gene_counts,-0.3185441738408041,3.372120664916423
b47b2efb-02e1-4729-95ad-de05fb551bc7.rna_seq.augmented_star_gene_counts,3.4675003318844264,1.1883175229521121
b773c30d-f37b-4aee-8330-a159d42d3019.rna_seq.augmented_star_gene_counts,0.9332956074712003,2.0885802314143995
b8542fa9-5521-48bc-ae1b-4e12a1744e0d.rna_seq.augmented_star_gene_counts,2.2655842077151593,1.4939860127192637
ba295155-272e-43eb-9d6a-e4c9c392e68b.rna_seq.augmented_star_gene_counts,3.090617144322222,3.132286953213308
bb06ad3a-4d73-4f88-8f3c-954dce2b38ef.rna_seq.augmented_star_gene_counts,3.402006848249351,3.3024543433096114
bcbe88a9-729e-4af8-9bb8-1ac65aa4bd23.rna_seq.augmented_star_gene_counts,-5.703517883094056,5.057810782839927
bdba14fb-88aa-43b0-8c25-53948b9935b7.rna_seq.augmented_star_gene_counts,-0.17542386518288797,-6.447174033092493
bf3ea4a0-bcd6-4e9d-acbb-3416f6ce53b7.rna_seq.augmented_star_gene_counts,-3.452101202064928,4.318801467839952
c07f871d-fea0-401a-b0c5-ec5685c311d7.rna_seq.augmented_star_gene_counts,2.8096558564794045,1.8998264768099937
c1f95e8e-aaaa-4090-8f64-c619aa543d1b.rna_seq.augmented_star_gene_counts,-0.5384968887643325,-0.6383287497724156
c2e73efe-8112-48fc-9dbd-29b4b5b89ad0.rna_seq.augmented_star_gene_counts,3.320166330298386,0.5814438668555914
c33ecc28-d5ba-4416-b93d-445b7883b6e8.rna_seq.augmented_star_gene_counts,-0.1498953874190161,-0.03360720057057513
c4eb8167-4c62-4a41-b9a7-f3259f945d9d.rna_seq.augmented_star_gene_counts,-2.5023775098074217,-1.3063077463056307
c5c93338-4046-4247-b5c2-ef133609797e.rna_seq.augmented_star_gene_counts,1.1063957471542254,0.12021668748404579
c5d4a1ed-8fd3-4435-96f5-ea5e56326f20.rna_seq.augmented_star_gene_counts,0.4843328376330572,3.3445592209911883
c62cda08-6134-47c6-8796-9da0788d9717.rna_seq.augmented_star_gene_counts,1.4988652550409567,3.2384286908078392
c63e3277-327a-4259-84f2-13d9a2c2d68a.rna_seq.augmented_star_gene_counts,0.9448827669067762,-0.3138159581469866
c6a90de3-979b-46b0-9f84-2875c1e38742.rna_seq.augmented_star_gene_counts,-3.433447077809509,4.503432817770172
c9496c77-cfbf-42db-a862-af0b878b9852.rna_seq.augmented_star_gene_counts,-13.666136709368248,0.48386736943854114
c98940e5-aff4-4eec-9cd7-708584356a5f.rna_seq.augmented_star_gene_counts,3.7499612607597146,-1.187419882933508
ce52c9b2-ab83-4efa-8abf-97475dcf892d.rna_seq.augmented_star_gene_counts,2.407474951179249,0.1259471740197979
ce76e826-0792-4dec-ace7-7efa3bb8db94.rna_seq.augmented_star_gene_counts,-0.6465210268103677,-1.2270241059835065
cf4160bb-9ef4-43c1-ac83-f6ca897101ee.rna_seq.augmented_star_gene_counts,1.5554443629769665,-0.5376674166078266
d05914c2-e76a-4050-b0bf-db3a08c1892e.rna_seq.augmented_star_gene_counts,-2.6124784534880168,1.6959182954742347
d078b2ae-790a-4220-98a0-18d311996ed5.rna_seq.augmented_star_gene_counts,-1.323347081012313,-3.702327540922258
d1ad6c3b-4e2a-40cd-b3e6-098b845d59cb.rna_seq.augmented_star_gene_counts,1.368328920284678,3.4288297008192212
d636f6ce-e820-4e8a-969f-c3ac2d46b191.rna_seq.augmented_star_gene_counts,2.269486349620287,0.9153122945404143
d769bce5-c92f-472f-8bb8-4bf4593e29d7.rna_seq.augmented_star_gene_counts,-0.5024098815069922,-3.051167851796277
db01aba1-3a00-4bf9-9f24-8fba144144f3.rna_seq.augmented_star_gene_counts,3.5465609951274293,2.2292182214399836
db5dab56-838e-4784-a7cf-f05296e356f7.rna_seq.augmented_star_gene_counts,-19.835104590917013,-1.3654355030133
dbb2f12c-e200-412a-9023-0126d6d69a52.rna_seq.augmented_star_gene_counts,-1.0355064771524338,-8.819947880908394
deb7967f-9339-4bb1-ae0b-81a72a472bba.rna_seq.augmented_star_gene_counts,-6.795184407701098,-2.8302492269808788
dede0990-1733-4473-bc48-78605f16834c.rna_seq.augmented_star_gene_counts,3.532269550381276,1.5069646550611042
df45fb41-4511-4dab-b865-fcdfcda0400a.rna_seq.augmented_star_gene_counts,1.2557990917985071,-2.8087149037762686
df6189e5-bd61-4be2-9d31-efef56cb4739.rna_seq.augmented_star_gene_counts,4.475786499211822,2.0213756084074093
e0527b4b-de23-4b9f-8871-13f64f6976cd.rna_seq.augmented_star_gene_counts,0.5195352594536796,-5.547672400849238
e5bcd6f9-680e-4d57-81f3-c8e6b40bb2af.rna_seq.augmented_star_gene_counts,-0.7417836057669359,-2.6898387380924063
e7c2b898-cd11-42a1-b309-b4de1ab01965.rna_seq.augmented_star_gene_counts,2.5990026866282587,0.8657445123983752
eb44c266-8b8f-4012-ad67-f4ac40698391.rna_seq.augmented_star_gene_counts,0.9776542563718726,0.9928630968111023
ecdac97e-eec5-4753-a572-8aff707178e5.rna_seq.augmented_star_gene_counts,0.03863426869041843,-0.8052027943069109
f0024165-4df2-454e-a0cb-17720455c0c9.rna_seq.augmented_star_gene_counts,1.3259500909043538,-4.852050844650489
f13d5df0-7293-4453-942f-2b49a3d33057.rna_seq.augmented_star_gene_counts,-0.30113211079061564,2.5548396402857296
f2dda955-5a39-43c1-93a2-83953b2b91d1.rna_seq.augmented_star_gene_counts,0.29760239857573956,-1.8702295785582945
f532a6be-de3e-420c-960a-23627589e7ad.rna_seq.augmented_star_gene_counts,-1.887803527887489,-7.2169239598155235
f7c6320e-0c39-4b92-9a25-fd4e03b70362.rna_seq.augmented_star_gene_counts,-2.09103501249952,-5.176000070125432
f7efa9c4-e7e2-406a-98e5-596f787c810e.rna_seq.augmented_star_gene_counts,-0.07322368688307107,-0.43628119243983915
f8efdeb0-a8f8-4e2d-a52e-43d033e4ce6f.rna_seq.augmented_star_gene_counts,1.220544458641366,-2.3018028149339136
f8ff90c6-3554-4e19-ae56-18f30f51f9b5.rna_seq.augmented_star_gene_counts,1.7326106900796132,1.3933608970540874
fb49b14e-d40f-4270-98b3-458ce60f2cde.rna_seq.augmented_star_gene_counts,2.818891512635182,1.1868256539691977
fb9c23f2-8694-41ca-a126-a5a131abeac1.rna_seq.augmented_star_gene_counts,0.48445790411955625,1.2028470434616096
fd71e0e9-e77a-465b-b118-b1f9665d5797.rna_seq.augmented_star_gene_counts,0.4267881802515473,1.5448010790996045
ff0feb3e-6d14-4297-ac23-1eb397663ec3.rna_seq.augmented_star_gene_counts,-1.1184481018283499,-1.7895166827885125
